-949.694476381963,54.7763826717815,880.17721215176
-948.122705569538,56.6340402362156,879.76208066522
-947.380183830647,57.4953228354433,879.624926827348
-946.657342319373,58.33335628596,879.43032687722
-945.966676353636,59.1327645590631,879.214004172258
-945.255050553254,59.8728674468179,878.999893307155
-943.999674063499,61.2425004240557,878.570187621615
-943.660805529714,61.5664476699478,878.458017192844
-943.124896027744,62.1865742255868,878.263883597642
-942.601763653415,62.5077450327722,878.163753759612
-942.059910784214,63.0411664037262,877.992093927588
-941.542681108058,63.5398336095687,877.840667065428
-941.064827819982,64.0047566327676,877.693435686549
-940.570401037455,64.4184973430771,877.514091564063
-939.791097819405,65.1604978629726,877.243061778103
-939.3778747813,65.4671009262741,877.084925975646
-939.065544792674,65.7903757989516,876.894645983013
-938.750153907162,66.0355115336933,876.699073376714
-938.543228935012,66.2686489171413,876.51660597801
-938.425365997669,66.3651860615529,876.427203486178
-938.157748953999,66.5909896701671,876.102412154472
-938.031334374741,66.719279913758,875.872782633444
-937.89919898117,66.808277664721,875.633143260367
-937.782691777777,66.9145134415913,875.092909909781
-937.740775560965,66.9178964862898,874.789429982642
-937.756525209278,66.8869940994356,874.492531477208
-937.750682465484,66.8673600711559,874.330646078161
-937.842740430818,66.7840116264348,873.865835719707
-937.892514720949,66.7465660032748,873.707303177635
-938.119251932797,66.5621053001201,873.150655289198
-938.232277853641,66.4930642046657,872.967756663599
-938.561844799472,66.2486162822087,872.45731696025
-938.689813415442,66.1314125076992,872.253493144089
-938.919107201697,66.236217558733,871.807924804924
-939.299689014093,66.0156936361132,871.347742217749
-939.611528745401,65.7905804790121,870.90945222799
-940.078647885676,65.5291860648541,870.48019740172
-940.491035446423,65.2606858172572,870.075017465915
-941.032542328307,64.9889015427312,869.639411901794
-941.489530938206,64.6666767038548,869.195611530175
-942.038435520245,64.3755230335832,868.765449747176
-942.649393509734,64.0162260628123,868.354016693664
-943.313962691642,63.714730772352,868.00951378062
-943.919092768898,63.3446306995383,867.611919880654
-944.698511496766,62.9899362746081,867.234115683141
-945.429722354215,62.6055839522095,866.905569369707
-946.16565490422,62.2253183520318,866.619025108065
-946.988473284259,61.8288612580915,866.314847138164
-947.922799512682,61.4378461841487,866.054240211422
-948.802403470836,61.085891925316,865.769132338876
-949.794428760947,60.6048853128688,865.58511748546
-950.739967165247,60.4632273779177,865.286795568944
-951.822410571869,60.0487151285416,865.102662094728
-952.978359637738,59.6823491245774,864.901603388418
-954.08891200985,59.2559199483478,864.801379536544
-955.25393522893,58.8510350099325,864.732829502322
-956.47256961449,58.4189823675891,864.656735222129
-957.721457867524,58.0035231984458,864.589171631542
-959.007339004878,57.6403194000411,864.563657253551
-960.305366053558,57.2185923469311,864.642051892411
-961.677902371266,56.8324961009025,864.659895533028
-962.991746682436,56.4678775757709,864.77191269683
-964.451590745753,56.0325841961684,864.861234639678
-965.802045735552,55.702941521683,864.973106379252
-967.30884153233,55.3460061438269,865.127500958581
-968.756619139468,54.984583630295,865.263644805273
-970.285493133386,54.6628578072154,865.428943994927
-971.804660974984,54.36804336401,865.58335098065
-973.340498325501,54.0682066696777,865.755019930736
-974.858832340256,53.7777083985069,865.926303811039
-976.440923644533,53.5391606301315,866.084992513378
-977.985463806707,53.2797836694017,866.277186962627
-979.575440740477,52.9999172871869,866.484648864821
-981.152015886695,52.8077809667697,866.699742714065
-982.661775563711,52.6129853655694,866.896771176145
-983.476761911329,52.5425127927883,866.984186545347
-985.053792505002,52.3479353887015,867.202224132997
-987.396177825527,52.0936140396041,867.533910716716
-988.939427573802,51.9780968081147,867.764261260932
-989.742280099568,51.920718048298,867.878205494995
-991.272574185928,51.8247546252914,868.095934052866
-993.625862545794,51.6798365862974,868.441268291746
-995.119562954213,51.5467187190005,868.66928403824
-995.899390461627,51.5048592883767,868.774365689944
-997.372500961738,51.4597738266491,869.045026742481
-998.87803664313,51.4102839015156,869.277115485761
-1000.32768243885,51.3383591288646,869.585624107416
-1001.77295182848,51.2979816207859,869.768250527541
-1003.14322117609,51.2423252865037,870.05373504453
-1004.57905529949,51.2274171187013,870.263899273603
-1005.92873866858,51.4850997090156,870.439502650605
-1007.24113558053,51.4097400465573,870.731511808516
-1008.49026666086,51.4126258015341,871.000811842742
-1009.80649485893,51.3264892887012,871.207309980311
-1011.06699510085,51.227045681713,871.421861068731
-1012.27324525335,51.1695496184639,871.692131350146
-1013.44839394561,51.0950103277061,871.969010607973
-1014.54976687809,50.9795058728798,872.241288994381
-1015.65359335979,50.8967574213015,872.482561129939
-1016.72851966315,50.7344538005131,872.715533179369
-1017.76387753938,50.5999048993144,873.026918762698
-1018.29303973351,50.5549298190109,873.123690022077
-1019.64202710278,50.2932239325953,873.470907742888
-1020.13152130014,50.2557326869912,873.565961489229
-1021.40069678401,50.0115859248884,873.919145885588
-1022.19428708015,49.8004195192199,874.187838320456
-1022.57730571856,49.738269513048,874.293507657413
-1023.30751031492,49.565685105297,874.515454637257
-1023.95214683757,49.3606665338622,874.740251710511
-1024.5970085511,49.1892842038569,874.934945005158
-1025.16721976369,48.9363305722136,875.100779835079
-1025.76110273757,48.7285988925435,875.299971782966
-1026.24481512693,48.5229346402246,875.39473886301
-1026.68630664279,48.292098433903,875.512731972822
-1027.11798081266,48.070653808762,875.582756388926
-1027.49340492348,47.7733297881767,875.597779757325
-1027.83068337666,47.5510415410142,875.583955389111
-1028.10704037493,47.3422089964306,875.58296337573
-1028.21027960568,47.1857805331764,875.560712392924
-1028.44498025521,46.9575640756308,875.494176261421
-1028.71613605465,46.5657516590046,875.372095596502
-1028.87183348223,46.3300580798234,875.271442180957
-1028.99059140216,46.069820559152,875.126182723464
-1029.03982849548,45.7816438480503,874.992761297087
-1029.08380405198,45.6684350076482,874.894567252057
-1029.095881944,45.3691367818089,874.751162075694
-1029.08852971897,45.0574056370316,874.547830775118
-1029.02776744603,44.7760332810368,874.320132168749
-1028.98180609446,44.4666113666224,874.065935161188
-1028.84406305117,44.1717601482842,873.794621509892
-1028.75920880903,43.9064926360274,873.468339174132
-1028.6339937549,43.591054537061,873.129956367146
-1028.51959329272,43.2925972434505,872.752111471343
-1028.30445143861,42.9876868891225,872.353799185967
-1028.12152371058,42.6549442670106,871.961394246663
-1027.91589254684,42.3689402190601,871.547272261049
-1027.76094541492,42.035412361034,871.11785081882
-1027.548324363,41.7111160150348,870.644328336589
-1027.2799931959,41.3812809757714,870.176515731647
-1027.06605251954,41.0471035967107,869.612572721205
-1026.89204311669,40.7047114261955,869.004100807121
-1026.79543905061,40.5436730571643,868.700122786688
-1026.44220438468,40.0482229743148,867.831398885561
-1026.2946628962,39.7090751371016,867.199011736233
-1026.10103620734,39.3367689101329,866.496628061675
-1025.92443299493,39.0528897233906,865.874949347181
-1025.79415475024,38.8592371753254,865.494670910454
-1025.68909702217,38.5301586455217,864.776227212239
-1025.54761547588,38.205521919991,864.012200947083
-1025.45070051881,37.882977017989,863.278700680698
-1025.36255248326,37.544764052125,862.417954604303
-1025.22254183386,37.2277049430072,861.605157880974
-1025.16029712096,36.8558786632237,860.730323798954
-1025.12162191519,36.5909067573065,859.871276376945
-1025.15106439248,36.271889251154,858.979865797387
-1025.09580362976,36.0029422965706,858.037772228825
-1025.14373535869,35.7813485506677,857.103613967663
-1025.144178332,35.6393566828879,856.587021209447
-1025.20389050982,35.3570091287904,855.667813878998
-1025.26697030086,35.0995080922563,854.597181161274
-1025.34190046468,34.8523414077918,853.629501411308
-1025.55762976966,34.5343091808691,852.015209550428
-1025.65809330082,34.4086377195771,851.450695476982
-1025.80972271713,34.1574822849565,850.360171027238
-1026.04311271385,33.9742485727965,849.238865057056
-1026.26869266933,33.8203794854895,848.129287957263
-1026.54914487917,33.6080796317705,846.979457560477
-1026.77860799399,33.5324291514891,845.8513094827
-1027.07335263243,33.3599601557676,844.749994996944
-1027.34879871992,33.2936460089273,843.601407767308
-1027.68416141887,33.1928389745814,842.552074712067
-1027.99189985363,33.1225086779426,841.478372901275
-1028.38208274066,33.0809799242954,840.46090510202
-1028.70768528028,33.0557185087158,839.447394205708
-1029.11232851522,33.1006093163256,838.442166645697
-1029.48543425774,33.1113698869297,837.584609721309
-1029.72226694737,33.1149453597655,837.102822501802
-1030.35011461389,33.2119113799099,835.827375176606
-1030.58163334542,33.241875968463,835.43296558043
-1031.01306240145,33.3498300991416,834.707031982249
-1031.53884600172,33.4795456239936,833.924074953875
-1031.72757079789,33.3549898011694,833.220925236308
-1032.22274002981,33.5081323322565,832.631559140555
-1032.7338992005,33.7147322485341,832.009219655442
-1033.22394975487,33.9232195000427,831.590212275913
-1033.74640229972,34.1879160544965,831.161435179607
-1034.26690883152,34.484642935217,830.768141403417
-1034.76599128537,34.778438668245,830.474037098922
-1035.19655145113,35.0675948595501,830.280350228415
-1035.69945726128,35.423101933619,830.097518588079
-1036.15448404593,35.7943071121562,829.93400404223
-1036.64947761377,36.2100875412543,829.858817564467
-1037.02517529567,36.5752612916458,829.802146446231
-1037.21050959578,36.7805138775524,829.817744294061
-1037.83272411075,37.4616716103116,829.890798169499
-1038.05590455155,37.6731456597585,829.965152905716
-1038.38502463647,38.1410970673189,830.002255310771
-1038.79941886428,38.6344092598242,830.141893833999
-1039.08361202968,39.1621411807026,830.287074259145
-1039.35576117455,39.6746530383492,830.473599841624
-1039.55926218937,40.2151286164727,830.726350520612
-1039.83959426476,40.8034230131146,830.961441979024
-1039.96982975977,41.3590453803336,831.217934928889
-1040.13490577792,41.9304959248763,831.395117118562
-1040.21179231707,42.5155233150774,831.713335059807
-1040.25984518822,43.1382395345392,831.944436929031
-1040.19193242126,43.7618587548908,832.19563477281
-1040.21773270346,44.0526253723948,832.279735250506
-1040.05922727234,45.0112536076245,832.650310487268
-1040.0670780722,45.3285205301063,832.768626688002
-1040.10747676864,46.1972683409613,833.048588621524
-1039.93779017228,46.8167947848945,833.291071927917
-1039.5987713712,47.4375811893661,833.424077742165
-1039.28001089577,48.0610159128377,833.649671398148
-1038.88161699081,48.7332450805458,833.718118880298
-1038.46419693092,49.3774294503537,833.860282334576
-1038.00963911615,50.0013609304557,833.877480852447
-1037.47052771894,50.6631139173176,833.927443904122
-1036.91448713354,51.2918672063566,833.928171953558
-1036.31439089765,51.9471335089237,833.858447083357
-1035.6581650224,52.5724213557884,833.825348274585
-1034.99337419129,53.1489852702987,833.64361886132
-1034.24806068381,53.8416941878258,833.569120323348
-1033.51354528723,54.4276262168215,833.363599518249
-1033.13779724943,54.7071929120166,833.276559669485
-1032.22228620693,55.3463707516574,832.952204693505
-1031.39836569407,55.9046591835991,832.759305878645
-1030.50989035074,56.4553584994665,832.366460195267
-1029.60123808298,57.0755616576576,832.097987844575
-1028.60647159274,57.6570215501262,831.71300645559
-1027.6138757293,58.1990458688239,831.27201393402
-1026.08465546267,59.0645779835733,830.588908424846
-1025.5284555592,59.3136977941292,830.33403983137
-1024.46775762528,59.9078492498254,829.831400532152
-1022.80325487549,60.7490191251037,829.010344044401
-1022.26173023885,60.9768786416315,828.683494384573
-1021.04348298844,61.513721225354,828.098175083152
-1020.01016659827,61.9952621142779,827.410662929431
-1018.73442877819,62.5464814228977,826.784032669886
-1017.60082500881,63.0338020241449,826.03002786978
-1016.33147360802,63.5348399227834,825.379557348575
-1015.143091181,64.0029679336024,824.594288455262
-1013.95449784663,64.4648174262396,823.876566840473
-983.488416568469,76.7124232619744,803.546700995831
-982.909136462793,77.353896203565,802.986264397876
-982.733638985682,77.5516939351668,802.832130041325
-982.282985813723,78.2209411231588,802.33531976498
-982.189695489729,78.4323872277246,802.129935889802
-982.045290033701,78.898270439179,801.780864177669
-981.937664683044,79.3514674924505,801.489122691794
-981.924442422736,79.781492748063,801.240081342212
-981.916363789325,80.2132769309035,800.945438177241
-982.015432353752,80.6631454730008,800.784397931704
-982.12611709954,81.0704260554101,800.560116900743
-982.302361670955,81.4593249594857,800.410144343918
-982.562187849617,81.8932515073631,800.244960356216
-982.904075496267,82.2359157609118,800.094748636018
-983.289421870576,82.6448016773575,800.000747303708
-983.621926862833,82.9673918309826,799.892181707861
-983.850054353412,83.1444931669133,799.866838861804
-984.948657191771,83.8719193759126,799.699104624852
-985.506516124168,84.1880972075432,799.594563963696
-986.156839751964,84.4783739908337,799.656669968292
-986.480135162265,84.6169071902157,799.628510382356
-987.554647256205,85.0093237895541,799.571900275819
-988.41017453131,85.2631385610499,799.490991671979
-988.800684589822,85.4038366986505,799.473972816161
-989.615658335785,85.6332827209803,799.450132953056
-990.564743900431,85.7998555926646,799.488789549633
-991.471240629491,85.968202726978,799.511612915643
-992.479963635642,86.1670295013523,799.516668919107
-994.076242103611,86.3675762825662,799.628839810487
-995.15765037138,86.46267863569,799.722813543006
-995.673444854688,86.5418332739782,799.783839143271
-996.828585051239,86.6414671087494,799.866200872628
-997.997125110594,86.6517341002578,800.063522155145
-999.207158384039,86.7328600713896,800.24758109919
-1000.42673479687,86.7564119791421,800.464092179379
-1001.7271122114,86.7780746697371,800.682388295254
-1003.03266529761,86.8124059618492,800.93631463009
-1004.39969721762,86.7444922989444,801.215440455285
-1005.72012065944,86.7720416160297,801.510870802891
-1007.14378881803,86.6788376759126,801.868533456967
-1008.47499432092,86.6601075827182,802.211284226591
-1010.02235339514,86.4666406445243,802.54136875237
-1011.35797329123,86.3911004404197,802.976849159549
-1012.86664557272,86.2920708764587,803.406549874288
-1014.29635829027,86.0488480279391,803.801406883973
-1015.10227542698,85.9710403980782,804.048749837634
-1016.46693226571,85.8057971933895,804.542959606506
-1017.95209036223,85.6667568804721,805.066048618597
-1019.420486523,85.3150896693764,805.532355805709
-1020.93946037356,85.0864331594885,806.015379410233
-1022.36596913997,84.8197341930712,806.596649627464
-1023.86554605977,84.4642232281644,807.121433453762
-1025.30068498608,84.1735538231838,807.65177935942
-1026.76118488842,83.8132723030019,808.291779779878
-1028.16187317106,83.4023409210734,808.885159608322
-1029.52191483294,83.0100768864171,809.546183277316
-1030.93598348764,82.5091245013442,810.180427850824
-1032.21305845576,82.0675963266754,810.822100538814
-1033.52342864505,81.5900361500358,811.559794118823
-1034.73657652143,81.0678147704509,812.302038377066
-1035.37764246534,80.8100799624519,812.658213329775
-1037.19539601912,79.9166049359608,813.726036256635
-1038.32640880397,79.3221430201996,814.499840698164
-1038.86013978136,79.0653344164677,814.863361597915
-1039.98698522416,78.435482074144,815.590119306162
-1041.47016847236,77.4394005199187,816.647052111468
-1042.0258486852,77.075910899589,817.005346357037
-1042.91850852971,76.3945698986494,817.730796921997
-1043.88723597449,75.7195129914043,818.407900386471
-1044.67552245679,74.9639276039813,819.088479768898
-1045.50813768511,74.1794904403959,819.748062325218
-1046.32543976023,73.4412651952397,820.323054041768
-1046.73061467139,72.4721165874275,820.838615265869
-1047.40562251195,71.6797678732478,821.392897047775
-1048.06194082989,70.8484023575315,821.870952321053
-1048.68339770417,70.063499305655,822.378288136827
-1049.15602556021,69.2157443153405,822.896740331634
-1049.58551177734,68.3899681157996,823.383779773982
-1049.95257560017,67.5379151542093,823.815261300334
-1050.2644998148,66.6714354394025,824.199498087814
-1050.54984617147,65.796643742308,824.623948829172
-1050.66378980291,65.3476096467998,824.852177939883
-1050.80761307374,64.5176032485828,825.189730374954
-1050.85896677351,63.6144142268802,825.548678377882
-1050.90709687939,62.627341766971,825.858585842513
-1050.88094377985,61.7363572420176,826.141023163335
-1050.75325285958,60.8380162492346,826.446881547514
-1050.50722267042,59.8626148684845,826.719261127602
-1050.37696291852,58.8674188628708,826.944947981214
-1050.08062226573,57.8712256899883,827.137005650269
-1049.74280571279,56.9614762099001,827.320386505942
-1049.21041289281,55.9396783967584,827.528097347424
-1048.80934583321,54.9420657435653,827.66912104308
-1048.2139511501,53.8705645691881,827.838016487848
-1047.59847890882,52.8749225059549,828.038136329139
-1047.24273302886,52.3560945621093,828.148071641084
-1046.10288630314,50.8434420837921,828.433141309952
-1045.66015348948,50.2842305332466,828.550239389801
-1044.36009073436,48.69193860653,828.888635384406
-1043.83789747069,48.1440367113326,829.000724466053
-1042.8428429023,47.1000522423147,829.217532397314
-1041.7542702415,46.0587799879908,829.505942138296
-1040.63411361043,44.9808629809489,829.828015028308
-1039.36686685843,43.9103828136321,830.104087821053
-1038.10051727552,42.7924236315614,830.478380507991
-1036.83833163748,41.775698735978,830.798753005192
-1035.42805487103,40.7192452025445,831.227763974174
-1034.00964962526,39.7101798910012,831.559027623292
-1032.55414796351,38.6431577255701,832.022862534961
-1031.11424957594,37.6170214319742,832.355835708965
-1029.81150089548,36.8412271897652,832.862553423551
-1028.24973139506,35.8456434485679,833.332550658626
-1026.59098579928,34.8707537759631,833.766227574238
-1024.88991791559,33.9503028740185,834.252341719407
-1023.13300658165,33.0037804125731,834.749654886292
-1021.38725607392,32.0727810784027,835.281887720576
-1019.50848081729,31.1706063931655,835.791271397232
-1017.64289913649,30.3047276364759,836.325683161271
-1016.63316359266,29.8861145122313,836.599034465068
-1014.71389597773,29.0067784318058,837.145747491229
-1012.71971799495,28.1771078172382,837.69675463717
-1010.72573487335,27.4152237615312,838.257718698948
-1008.6731076763,26.579207581502,838.799120066293
-1006.57325408412,25.8147560897675,839.399810495067
-1004.41670319626,25.0834425515881,839.960002672032
-1002.33043085559,24.2904851910093,840.590237264554
-1000.11851076735,23.5678082524175,841.25399757743
-997.959922543507,22.7879946512233,841.917921999492
-995.722902146598,22.1168901000332,842.531247828736
-993.483650020925,21.3812227643646,843.254397585558
-991.231471276277,20.6796472250878,843.948357836722
-989.031559525807,19.9497944763058,844.773903017842
-987.859150715485,19.5835092020302,845.124354325306
-984.38296867493,18.6182628522725,846.357463844986
-983.295375610296,18.2384050889715,846.76559868886
-981.059179730687,17.056047927823,847.853924929894
-978.877361710846,16.2261970693047,848.858688426655
-976.624413269788,15.4268585010514,849.890091470945
-974.434107228846,14.6290189293887,850.932660734425
-972.256580610054,13.8758266687116,852.041036194657
-970.116378265448,13.0120905393682,853.215258308856
-967.957255365592,12.2569763840461,854.427738596516
-965.797236722967,11.4714687736273,855.679915795381
-963.695868252788,10.5908747485563,856.991774569898
-961.670082318208,9.77193152619497,858.359954086374
-959.591162560473,8.92008469855124,859.783310070226
-958.638938803169,8.51067315258189,860.517368843289
-955.693434255207,7.17546787860593,862.836471178115
-954.768913085054,6.73083177315836,863.626832787454
-952.858914830233,5.87140164293545,865.241781061496
-951.055027192213,4.92784504027229,866.916071167934
-949.271290971848,3.99182257207959,868.655482416685
-947.542498483987,3.09415701863074,870.426940902368
-945.823089713039,2.13580233475336,872.226669520629
-944.274470005498,1.22925620504544,874.071129975203
-942.703719640971,0.255104110910979,875.999471709272
-941.250465943641,-0.722268321938632,877.928989724227
-939.788995165182,-1.65957509380203,879.936142606616
-938.451413605082,-2.84523843621494,882.024984155243
-937.093574012509,-3.80486358579848,884.043154305518
-936.490605215812,-4.28241007811653,885.067294781077
-935.177596442555,-5.18440287220485,887.108884712352
-934.025734875177,-6.1112191237566,889.14546246553
-932.862520914573,-7.33056469861614,891.30317509752
-931.852555517874,-8.20311067664721,893.333403574091
-930.744362623914,-9.09004157961388,895.382030459789
-929.805499418042,-9.94024326116781,897.416724412378
-928.818095219718,-10.7524628012328,899.431109448892
-927.988742692126,-11.5408719541387,901.4220003513
-927.136704857653,-12.3162821550183,903.395473970842
-926.356941514093,-13.0665580356793,905.350132355572
-925.606875060701,-13.7419996415589,907.255858619709
-924.961976090546,-14.3857853153902,909.22347515166
-924.340582998919,-15.0146136744093,911.022037925313
-923.734055785967,-15.6003162549594,912.810819230641
-923.188582976085,-16.1288503141451,914.56629574504
-922.681703560907,-16.639058231726,916.269043104487
-922.437829644864,-16.8743256653502,917.045936750391
-922.007603350816,-17.2927274991198,918.655785038652
-921.453781439877,-17.7922985667007,920.879537542857
-921.101864186164,-18.1196377501544,922.29369611192
-920.954236397548,-18.2684649708904,922.999937027463
-920.638083265015,-18.4707703138403,924.225708590636
-920.359503396695,-18.6152713610506,925.435810411322
-920.136682611874,-18.7533216929024,926.564178076425
-919.881512565647,-18.8227980841679,928.116370833582
-919.766413413273,-18.8175695059591,928.576395450003
-919.627886677819,-18.739560989632,929.460724673069
-919.526577523114,-18.6736421932891,930.298996940045
-919.458863003834,-18.5093288654425,930.987277874721
-919.339300207481,-18.3145042067939,931.681641017195
-919.308816699645,-18.1209476708704,932.259980496266
-919.294630712506,-17.8370539978848,932.797404244686
-919.328659517824,-17.5140060840088,933.250992795259
-919.371125154713,-17.1289755596076,933.692235480909
-919.459553264287,-16.7302488556426,934.083244186362
-919.554876369319,-16.242584924541,934.442359867348
-919.667489411602,-15.7593235526452,934.730594145374
-919.729260655495,-15.5130195486003,934.894356294381
-919.996590941042,-14.7221984655568,935.254083631794
-920.057626077801,-14.398892238191,935.338097304338
-920.247793518932,-13.7633293856991,935.5402366166
-920.482485315327,-13.1495251260257,935.724915002021
-920.69529628801,-12.452498962373,935.873032572005
-920.944283573275,-11.7519917203912,936.01421925482
-921.21350537628,-11.0646167237838,936.148034834265
-921.545546048836,-10.313375470632,936.278191603077
-921.859510228709,-9.56134571548967,936.359801364449
-922.185342534526,-8.75892365818035,936.414764163448
-922.521496745757,-7.95041699944768,936.469439131501
-922.853533690025,-7.12402226161886,936.449369217
-923.238068590897,-6.26288262116115,936.489536914686
-923.587337196215,-5.44539562579008,936.465902511547
-923.765616083873,-5.01436259248409,936.477156784626
-924.436355769709,-3.76740271827166,936.376651354444
-924.833297199538,-2.89219710307379,936.307122730113
-925.226868468792,-1.98638895467867,936.255892128779
-925.390985844466,-1.57020783171287,936.227124259316
-926.014874956669,-0.270978921176532,936.079202744971
-926.196237112727,0.177070521199923,936.042554154477
-926.588407571602,1.07923817559276,935.901025545751
-926.911165566684,1.94737972984833,935.742042895733
-927.237982052862,2.93061526445762,935.565843808588
-927.593999485527,3.65881002332546,935.4225827555
-927.91759696163,4.51520826203311,935.242843722403
-928.291171485469,5.30975512942855,935.026579387922
-928.564439644239,6.11478113423495,934.829126245434
-928.906279151804,6.87803308812216,934.597299730733
-929.152759782309,7.65347601907335,934.3099410149
-929.388187269055,8.40116759666128,934.061116189574
-929.6241100682,9.17713388395793,933.72882047266
-929.876590667713,9.80871287017679,933.421820755484
-930.053297267222,10.4929665685034,933.116491463047
-930.298391405333,11.144135526196,932.782266044466
-930.38543773034,11.4608362144046,932.614184382993
-930.418527644551,12.1005969897425,932.227813329377
-930.518590349179,12.7088122645811,931.901746647211
-930.57142267952,13.2816464765731,931.535368509557
-930.631403529213,13.8265852183373,931.127908671938
-930.590106702078,14.3087481943707,930.686017424313
-930.554694779446,14.8292368539836,930.230040802861
-930.4712878847,15.2935317751151,929.748991098711
-930.466023462887,15.7669303791782,929.272924568041
-930.392845141384,16.4305853669274,928.40543818908
-930.349219877277,16.6361129816349,928.079920927722
-930.230443969415,17.0161943162617,927.410075895282
-930.090833786437,17.4316014251175,926.710063255831
-929.966759020386,17.7961001033235,926.000266643353
-929.865637825898,18.0791166442593,925.258647945312
-929.688807457775,18.4324182467347,924.459357033358
-929.461021539472,18.7530766584002,923.628792687844
-929.244712377434,19.0523524245505,922.761272534666
-929.032132591614,19.3320494531013,921.829409903929
-928.814114223979,19.5971906349968,920.88740866595
-928.53259944243,19.8560884596662,919.912648768794
-928.272128805028,20.1024603992561,918.909490323127
-927.975289237676,20.2893971216156,917.870171705862
-927.693270465851,20.5305607188099,916.760800741697
-927.523989850339,20.6371769743037,916.213234210134
-927.095037620132,20.8580275148549,914.549194806086
-926.699740925283,20.9985241848011,913.338445199634
-926.523549506291,21.0659051508384,912.771911187725
-926.174281542392,21.1481906567807,911.584975634217
-925.807153350908,21.1849601544892,910.304155489989
-925.3751173267,21.2654249821479,909.008445221299
-925.050245629027,21.2593610908094,907.746557233802
-924.640237101951,21.2352260468986,906.378724212499
-924.195230018964,21.2211931008131,905.054246946219
-923.781120573653,21.1790022565291,903.652313304758
-923.430870759149,21.0485259188596,902.312661272298
-922.969268025318,20.9226315373041,901.007396911396
-922.542142757012,20.7610452758926,899.553784832004
-922.084383770682,20.5658725683975,898.217432595129
-921.631531776851,20.4028722506665,896.807709986566
-921.186207425874,20.1329153207991,895.453883774293
-920.498667582413,19.6779382438248,893.479181812416
-920.259139048497,19.5191127711401,892.77506258805
-919.51278752261,18.9670579135083,890.754363708625
-919.316105067726,18.8035305692821,890.102435421963
-918.865779523803,18.3924183373793,888.763246031909
-918.397112454116,17.9390229270238,887.434106327951
-917.98043990579,17.4811564458632,886.207427727638
-917.550091281404,16.9850130372922,884.889440944922
-917.160836634209,16.516921705976,883.631064067999
-916.803112721948,15.9124713387056,882.435375195268
-916.452057529881,15.2909401429877,881.263964624467
-916.154052733213,14.6429534472217,880.090257966886
-915.761036125658,14.007694847579,878.892128604843
-915.498641643048,13.3797910650938,877.761608081305
-915.16860456808,12.7192000387375,876.634576224837
-914.873010794376,12.0305032702162,875.572822348859
-914.707085423295,11.6990001519583,875.028395706565
-914.336039435582,10.5766218547576,873.469915954392
-914.193797290537,10.217573741635,873.007804479617
-914.045236152615,9.48600198992083,872.024850328658
-913.811213676074,8.68713792862378,871.115452122284
-913.693949277008,7.91304951207351,870.212094125564
-913.46752712699,7.12497527756056,869.344184622606
-913.377712513697,6.25860700641517,868.450705781525
-913.245597892348,5.4594053940113,867.692444224244
-913.200700534289,4.58811987297557,866.876885884032
-913.117379004121,3.74706664393793,866.131398267496
-913.095888132983,2.8618204155113,865.396885928903
-913.034688078021,1.95035381856301,864.650375072216
-913.034739780194,1.07622624573531,863.972225014937
-913.032225974277,0.150455715715432,863.244499118973
-913.082764388792,-0.793302654487907,862.525717986849
-913.102128500478,-1.22795964826576,862.201041225849
-913.145947178431,-2.35111967043335,861.064722910188
-913.126877876867,-2.82064972382373,860.712106739578
-913.368429806884,-4.2764600492182,859.657378449771
-913.439795397727,-4.75464679892139,859.330645020974
-913.552097697952,-5.74851114127668,858.527582236777
-913.879500003897,-7.16942293711985,857.400127491202
-913.988301736335,-7.6654933202662,856.98599432958
-914.186882579258,-8.63639157548435,856.162339565262
-914.43054447155,-9.602108695447,855.322483604068
-914.775224056787,-10.5537731468077,854.479361570805
-915.113379198289,-11.5164530444449,853.644659360448
-915.362207492477,-12.4551361214612,852.717209336058
-915.76532213298,-13.4000430502254,851.826083165935
-916.147421740943,-14.0922559722447,850.739685774248
-916.539999715852,-14.9261219675337,849.789100509368
-917.035597817183,-15.8278571865139,848.818549921092
-917.549395674591,-16.720738726156,847.824160106934
-918.058575602233,-17.5595991842159,846.726379642914
-918.577077942644,-18.3039662305564,845.552874333968
-919.177176665189,-19.1069057849193,844.433938685793
-919.812428890089,-19.837378728662,843.211234310903
-920.150701856735,-20.2271562908186,842.615571057226
-921.243534679172,-21.2352441018577,840.744171420069
-921.985283674983,-21.8704810057727,839.4046400415
-922.365303374551,-22.1358101129051,838.698748797899
-923.230352604739,-22.7238863835432,837.388207166657
-924.137879023355,-23.217557749349,835.997199112305
-925.012568529827,-23.6653835891013,834.575310984421
-925.961722311277,-24.086420785682,833.140720950398
-926.936166465474,-24.4239868420352,831.677064397213
-928.013861379328,-24.6734913252718,830.203249958831
-973.605450141653,-8.88448859295731,800.172085599045
-975.17618855135,-8.18495767519111,800.11727131428
-976.576052263996,-7.44727619478793,800.181878862469
-978.002397389617,-6.72208206148777,800.284978748559
-979.451547724363,-6.1152865874972,800.447959924338
-980.804608567806,-5.45710243246117,800.739281914314
-982.052151591433,-4.83960777601083,801.107465343209
-983.294748960486,-4.26430647821134,801.495393297489
-984.544421644927,-3.60073535205281,801.932889392914
-985.74029145855,-2.95956242119622,802.420027656621
-986.802525976545,-2.33605446167322,802.960536325202
-987.929124201345,-1.92200314866649,803.638316767449
-989.038468044196,-1.36862477431406,804.301484912716
-989.481497543612,-1.15256377174181,804.621788485482
-991.048637315058,-0.456760241099174,805.750930539133
-991.989414035249,0.00929143830403989,806.595355782059
-992.79578212233,0.447968476411985,807.445290646723
-993.230730635644,0.65297157300017,807.876281117173
-994.000702419471,1.10594040575833,808.798482749829
-995.042751468548,1.75471490829697,810.326452003451
-995.354149815956,1.95413138989434,810.824670067919
-995.928773093509,2.34947841839764,811.865889620596
-996.406526097866,2.73609643054857,812.916916103375
-996.805216899151,3.10705895417335,813.996194795035
-997.187942217961,3.4681243975003,815.183708858761
-997.49350000157,3.82291387853191,816.309286623411
-997.67433255633,4.06463306500303,817.559501868293
-997.841325477403,4.32694243504003,818.706839459447
-997.91302654841,4.48850063715013,819.287025722028
-997.994190767906,4.86516183806077,821.057690208551
-997.982961746534,4.96070615397248,821.708205673262
-997.875390166344,5.23539669419228,823.453765709434
-997.689408603671,5.35573551261736,824.62513356933
-997.456440193471,5.48767214748037,825.857122991113
-997.330036962689,5.53438683582251,826.466836896967
-996.972453890725,5.59718339245335,827.722130843327
-996.541899030685,5.61992026266432,828.899976806679
-995.990823270155,5.63886817353349,830.181791046104
-995.479765099349,5.54967860179999,831.462058001441
-994.794536507669,5.50472667934073,832.747099406868
-994.446947748407,5.59102504356205,834.083956617106
-993.633364703913,5.43026287173838,835.312617519241
-992.851682900384,5.24142089042243,836.652243032458
-991.928724030442,5.05125899047721,837.922245504319
-991.098251930907,4.7978483586562,839.119683856832
-990.117017480324,4.52306460093587,840.388941227937
-989.136042566084,4.22265590656888,841.613177795966
-988.15928339291,3.90113071843583,842.749446004031
-987.083239316576,3.53863917045482,843.91601857704
-986.045480642481,3.16912323787649,845.066054498223
-984.944356380363,2.77950926139743,846.178355774525
-983.748473378934,2.39463591839808,847.258404864683
-982.614094878242,1.98523654644675,848.246170170342
-982.002440891105,1.76426254836749,848.792876624326
-980.252216478465,1.09658449491749,850.294307044666
-979.053484977136,0.714468174062298,851.238536460962
-978.423500228372,0.488554071009931,851.717545848732
-977.22513049664,0.102315881087447,852.617147023589
-976.001921409535,-0.747744124083039,853.610608107149
-974.808714211521,-1.21456369579036,854.499254958819
-973.565189161127,-1.57782875462275,855.328929449697
-972.324228561125,-2.00482216051202,856.118877992526
-971.111128449268,-2.40530322380875,856.896943893891
-969.888502294436,-2.77938659418528,857.656660970419
-968.635164598456,-3.11318900291792,858.364192011058
-967.433174021508,-3.47748844800167,859.01456267252
-966.197817953795,-3.80346405491119,859.680597536933
-964.994341250021,-4.10379302706262,860.259694426765
-963.806262847878,-4.37021936880332,860.863409257081
-962.620844823845,-4.62746424115593,861.425560795874
-961.46681558179,-4.83721329846262,861.942232056807
-960.25305536516,-4.99409578793942,862.430327890645
-959.123084234053,-5.12421668109572,862.93164648324
-957.943129214017,-5.26089959355231,863.345919954224
-956.814628176168,-5.37325528152103,863.801159555434
-955.668247825562,-5.45709685024959,864.204123644813
-955.13447024939,-5.4919869494619,864.390001714129
-953.394219782333,-5.46288797679604,864.923316916261
-952.872064197595,-5.47354941796661,865.088125968109
-951.756942521702,-5.36122490302928,865.425609039872
-950.662575924863,-5.26635761694226,865.695238915564
-949.582667058884,-5.09280148795127,866.008234571452
-948.546430479593,-4.92032755207407,866.224814306502
-947.501349946806,-4.66443206930155,866.478611438536
-946.450920811908,-4.38008225370065,866.723014531309
-945.437174729448,-4.05209452290901,866.909095707636
-944.485526274757,-3.70416248090217,867.082209771201
-943.57668861114,-3.28739634311964,867.270646228969
-942.628608939998,-2.81966790964145,867.45585357821
-941.731527508982,-2.34734029017032,867.645323703523
-940.898928759608,-1.80525207931825,867.81235974163
-940.476899627162,-1.48641629206776,867.932088462692
-939.329315653177,-0.833358227997279,868.315780599321
-938.535810052914,-0.119726783610524,868.551727431253
-937.871917862,0.581128439602451,868.722083533323
-937.140542735418,1.3137426907686,869.017207661895
-936.581991611931,2.11294415136674,869.23442413524
-936.198716464104,2.54954482245217,869.370862410459
-935.430063847779,3.77422916460948,869.821521589546
-934.875278486748,4.72101886850203,870.145224370875
-934.439568841651,5.61017218683256,870.484400456401
-934.160762273462,6.10604897861123,870.680002119995
-933.864570957717,7.10517238012195,871.012682615702
-933.442612381601,8.15305556211282,871.466100951052
-933.222630253309,9.16480459639785,871.863953612034
-932.864296703152,10.2632598715298,872.337208640089
-932.758546004075,11.3681505733064,872.823465338732
-932.511855128955,12.4698286038822,873.285619978077
-932.388570240691,13.6412650426494,873.825141343049
-932.293850122605,14.7919574600957,874.319361579412
-932.228040742495,15.9995141436551,874.883732063465
-932.192187443052,16.5685691246127,875.140319447571
-932.258132527921,18.3959737882538,876.024326079414
-932.306483687526,19.5906310432336,876.633152870787
-932.369612744461,20.2079792541104,876.927165848949
-932.522972538908,22.0396863100528,877.844790232388
-932.654246762958,23.2504464059944,878.455609799654
-932.75762910796,23.8403154540707,878.755280960872
-932.919947553048,24.8408171079737,879.461995418687
-933.156082642653,26.0093900122222,880.125455915313
-933.342632180742,27.2239376751136,880.761176605156
-933.560832125775,28.3992576507279,881.383754485328
-933.773250161302,29.5948493499095,882.037512673208
-933.967999911436,30.7067895835818,882.68263091745
-934.20461755443,31.8478637182146,883.3052349729
-934.426273589677,32.9642264424658,883.969532459608
-934.614696011075,34.0017714513876,884.586168756022
-934.797848407094,35.0378546633919,885.206572679845
-935.029355963999,36.0274243207542,885.775406563906
-935.164020301416,36.9948215001583,886.346703711158
-935.287629060174,37.4640362086148,886.601898837164
-935.528778459391,38.8036318900075,887.409730157898
-935.764163875063,39.6866371749538,887.87468350156
-935.802564791711,40.464384010137,888.370620352078
-935.86386203347,40.8545724269263,888.593005918438
-935.997470642844,41.6100395000649,889.062157727929
-936.061455151312,42.2937009653364,889.49294915887
-936.033234808555,42.9269556832708,889.906139467871
-935.981774604249,43.5121285323619,890.286809741419
-935.914881938964,44.0145995544384,890.669540237568
-935.841361645208,44.456503195763,891.015278211397
-935.68309121319,44.8752301600571,891.316095752022
-935.471165635543,45.209253374888,891.609400297917
-935.258131925781,45.4566696262629,891.875475557619
-934.988919475011,45.6214078391902,892.109884169801
-934.846357411333,45.6964552753667,892.205614416608
-934.536294648197,45.8107102318143,892.415851363713
-934.205740677518,45.8201895674641,892.541322542091
-933.834749555254,45.7902615901299,892.667379107638
-933.426168067364,45.6784652780275,892.745419670201
-933.035131897523,45.5193176113952,892.826912320519
-932.57266845641,45.3285900494834,892.850054316587
-932.107499280743,45.0191210484218,892.807736917521
-931.592750870401,44.6824807455343,892.73803471015
-931.114435203818,44.2758801625997,892.648255177923
-930.560853988404,43.7661313410359,892.506368427628
-930.034294248563,43.176978392817,892.342802055786
-929.466188927002,42.557382588518,892.146373903008
-928.910429971688,41.8949428137589,891.881821509734
-928.315976759938,41.1423961775831,891.617123884148
-927.738718321268,40.3505791821173,891.297984409905
-927.196617794805,39.4798934859049,890.886653995215
-926.876499375014,39.0345122068773,890.685837426987
-926.044489669143,37.6335873905048,889.996166116918
-925.514954027922,36.5987335874099,889.473644343815
-925.257516064523,36.0549277908764,889.183673824887
-924.475649535967,34.4336304987118,888.286163157462
-924.289034643623,33.8803302295424,887.936981165971
-923.721476812943,32.6939554344307,887.239942499155
-923.317791142156,31.4878873633421,886.472742302759
-922.789280016009,30.2836192230509,885.703423746024
-922.359893687742,29.0289214106244,884.826484629836
-921.929394286861,27.7667508175354,883.939499062601
-921.493691116589,26.51114020008,882.982644207479
-921.066159284846,25.1612118153588,882.018365957179
-920.728912723064,23.8453525955353,880.983509374214
-920.296687782563,22.4654950938604,879.885670926422
-919.932611145179,21.1265109454399,878.790122863621
-919.566248972956,19.7912348642778,877.633656651386
-919.225029151504,18.4343739329842,876.400480382143
-918.905023053014,17.0580283497976,875.160181675817
-918.616849564138,15.6977706679357,873.8970929066
-918.304671639119,14.3520465404027,872.50635084565
-918.00564317046,12.9977226924351,871.159279699411
-917.788905120218,11.6726775095773,869.785390141759
-917.535706545659,10.3488255407778,868.340675264232
-917.277465286221,9.05689567472018,866.926277721674
-917.119541817761,7.74739382984542,865.495887757559
-916.769012357666,6.77234209895446,864.004759696335
-916.590929730862,5.48685082560569,862.540335700076
-916.289247037597,4.24055860548433,861.185457502459
-916.132463790486,2.98718085792906,859.779800347629
-915.886202098417,1.78002115356334,858.410533354058
-915.613026468265,0.605687235301368,857.054111938811
-915.45796171435,-0.00679215542285845,856.401446189511
-915.18343657023,-1.80372992027869,854.477882921901
-915.021578398474,-2.34309830147932,853.848662045449
-914.733690042164,-4.10542983252921,851.951586350168
-914.467718885139,-5.17234452478297,850.686176590662
-914.251508565064,-6.3023474979158,849.478386551969
-914.128780314403,-6.84119035714975,848.890653464142
-913.94199178194,-7.91447678636877,847.75663809792
-913.731313101472,-8.97151826638135,846.62047600323
-913.515604540021,-10.0183110841585,845.52496491612
-913.290067211269,-11.0262105924632,844.548026317182
-912.991072125001,-11.7492195072599,843.427724339654
-912.706165236204,-12.7632398629466,842.547294463322
-912.46005065736,-13.642909361551,841.618738439892
-912.236685998575,-14.5858645321974,840.88737186808
-912.135626957838,-15.6574497010058,840.203820577283
-911.90043394524,-16.6574181086476,839.551454017723
-911.687184188992,-17.5370845077952,838.918748146057
-911.405857825487,-18.3940250564838,838.379923270566
-911.301613675535,-18.8174020576371,838.14303157266
-910.920734876468,-20.1274252027197,837.589163758834
-910.839981199619,-20.5309303283443,837.443229618712
-910.374818876289,-21.7239755230868,837.23155601252
-910.15974863311,-22.5076302808781,837.259145719893
-909.941173359047,-22.8905439058136,837.287089056415
-909.567733487179,-23.6514960760341,837.514729688929
-909.062312570427,-24.7520437247741,838.102635976692
-908.906944049835,-25.1298850405936,838.358492373648
-908.519820898473,-25.8886271540605,839.041854874655
-908.105988115261,-26.6624684810981,839.851601200815
-907.678594698901,-27.5936194807517,840.947720187612
-907.242392375136,-28.3044922868279,842.059860335011
-906.662290774014,-29.0529155497863,843.36234145272
-906.172398995775,-29.8051010892079,844.871672176413
-905.517869980531,-30.5834776704821,846.434260026772
-904.918163742796,-31.3455000436203,848.269130805693
-904.592948169058,-31.7725980840615,849.195858892172
-903.88384078081,-32.6135712820296,851.243711068978
-903.142078499866,-33.5108037852581,853.410566702287
-902.269526385081,-34.4034560283375,855.843572943299
-901.492754052123,-35.618127937629,858.5395914332
-900.025640712895,-37.1696488422247,862.675308041936
-899.522253024029,-37.6562258058538,864.106298118258
-898.407197822651,-38.7457983909688,867.159657233543
-897.298075236159,-39.9205987652146,870.367492958667
-896.141422808097,-41.141303295574,873.675976211055
-894.26633886894,-43.0900929475236,878.955510054316
-893.591865320288,-43.7339436665703,880.730598400583
-892.253442354079,-45.1408682863365,884.46613363319
-890.875506115832,-46.6539707837629,888.355282083346
-889.399921750137,-48.1265396485175,892.327822771611
-887.845386257685,-49.7711156381886,896.409305174116
-886.273966613144,-51.4086635952081,900.610499857237
-884.642731174721,-53.094519386447,904.947775635676
-883.001045440557,-54.8950144376305,909.325703317222
-881.164466565668,-56.6567568630598,913.780467050165
-879.381725237893,-58.5502978402238,918.357444819056
-877.56123243647,-60.4939209142738,923.032741500782
-875.604550514538,-62.5001273330625,927.780988602287
-873.625927283138,-64.5184053597723,932.501182533421
-871.616431556364,-66.5844828273024,937.326142786991
-869.567131594262,-68.6757935488448,942.142816811366
-867.440537749289,-70.8273215544693,946.946362922917
-866.410521585507,-71.8982153503885,949.376447887492
-863.262909189859,-75.2594211485209,956.621887212593
-862.144743990546,-76.370275802063,958.973356393927
-860.008698583552,-78.5929546594589,963.76771231483
-857.804426856356,-80.8057685465585,968.540461235608
-855.561542206124,-83.0653392536933,973.23568730419
-853.369122658153,-85.3156544170795,977.913742261488
-851.076299571357,-87.5654250653683,982.455721206083
-848.7973801941,-89.8120094233079,987.01113757602
-846.490459324995,-92.0298823022785,991.447155639517
-844.189168443731,-94.2659491922801,995.880242053268
-841.891757387191,-96.4432495933269,1000.21097481159
-839.590419497944,-98.5637194721223,1004.40100730056
-837.335217130471,-100.66747577543,1008.49925493562
-836.139471896234,-101.70723985351,1010.46627478042
-832.811820577803,-104.665166224024,1016.26704666688
-830.592783951413,-106.609594865146,1019.92704814263
-828.412674439993,-108.468175105533,1023.51898961419
-826.234276439881,-110.176238557164,1026.83488115742
-825.191643596393,-111.050822294329,1028.4954998856
-821.992148335774,-113.438098390519,1033.13838208053
-820.899998211591,-114.19379839132,1034.61754613986
-818.842818766231,-115.590628841092,1037.41862123489
-816.824790627548,-116.943903319341,1040.0153600783
-813.915575961314,-118.765358453309,1043.66320990576
-811.981444169359,-119.830453015216,1045.81905891334
-811.060540873792,-120.252683018951,1046.9015822991
-809.26604102516,-121.134962167225,1048.76374214418
-807.447994223881,-121.890962293556,1050.55477676628
-805.794466671982,-122.553210781291,1052.06722857282
-804.112564907395,-123.013945409229,1053.4200336421
-802.580942181403,-123.38239610244,1054.50556394877
-801.060501027866,-123.616826797685,1055.46117762402
-799.724475971264,-123.714735926409,1056.12396714914
-798.350505725152,-123.645277158291,1056.67838213501
-797.144864084432,-123.45780569661,1057.03354156407
-795.979560180539,-123.159403769708,1057.19845508067
-794.934689671463,-122.639761459152,1057.22840723691
-794.39693751131,-122.344611254053,1057.18036703244
-793.49920612758,-121.668203725527,1056.88894366703
-792.522858256792,-120.788752988409,1056.44212572734
-791.428878828026,-119.197688408211,1055.52235448933
-790.823680978537,-117.958480134294,1054.7680345831
-790.573213727179,-117.298856351484,1054.28712290177
-789.859075935449,-115.049692092178,1052.64919474712
-789.709848163601,-114.21106451577,1052.03911820008
-789.430141570495,-112.471929774827,1050.73028011113
-789.305149796441,-110.527998989852,1049.27415531629
-789.199900703265,-108.491787687562,1047.74986735197
-789.306610221212,-106.268168194205,1046.02706827753
-789.52133808822,-103.891306535224,1044.32150054558
-789.729963455133,-101.342513825672,1042.3724183798
-790.191763927021,-98.6442894792876,1040.50696616748
-790.845976948982,-94.2685632818291,1037.32383162046
-791.568849446561,-91.2934979852227,1035.17400336281
-792.391226566629,-88.1153072202256,1033.01340975872
-793.219747137828,-84.7997858604262,1030.72753301211
-794.208296414341,-81.3292617044375,1028.4095930738
-794.766229263773,-79.5070957769479,1027.22156659941
-795.895061257991,-75.8790731742743,1024.80514359991
-797.715773335834,-70.0870360477278,1021.07825414483
-802.99056657131,-55.6051263231125,1012.00460720334
-803.813145332133,-53.4523975277418,1010.67641444601
-805.533935398289,-48.9928891347334,1008.00969476986
-807.316084765743,-44.4290709351868,1005.31054805698
-809.187355188911,-39.8150123943599,1002.60202805186
-810.183352054538,-37.4316159584764,1001.29693057936
-813.162227531933,-30.2026465270409,997.184662779085
-815.24526738122,-25.3333283838265,994.463217862293
-817.445469353331,-20.3241795018355,991.74377201121
-818.496115745438,-17.8236537328825,990.343203483168
-821.884560779636,-10.1827084389333,986.255852328085
-823.056965204115,-7.65786270685918,984.869435860148
-825.446401304371,-2.43830172004291,982.119815604276
-827.8227729721,2.79530054982337,979.341252481312
-830.274075697049,8.03907729045185,976.55439900523
-832.759007298845,13.3337914198596,973.781337027134
-835.326903887759,18.634091949099,971.034207691306
-837.873859872988,23.9354290098571,968.248400378068
-841.825305873793,31.9133241806401,964.053653457394
-844.514751503635,37.2319672584192,961.269547890157
-845.841503946449,39.8885433958555,959.907701518441
-848.554027413848,45.1985142408138,957.12398696405
-851.265178281082,50.4266921810272,954.364620671882
-854.041677679266,55.6657297511467,951.582707066618
-856.781019178413,60.7878752363339,948.838435455116
-859.586620410413,65.9717778481585,946.107439248916
-862.403262406217,70.9798424012786,943.319881409611
-865.237252155181,76.0209788397719,940.578683930748
-868.073914244313,80.9143658705833,937.820564719699
-870.938957399909,85.7326717817963,935.008604542175
-873.813185861383,90.4724656114358,932.251680710039
-875.298644812945,92.8411742583371,930.857854235148
-879.680223078714,99.6919191883298,926.705669508669
-882.566967456629,104.151097923906,923.921472660091
-884.080707708003,106.339134442106,922.505609693793
-888.430089064266,112.729257623616,918.370533487571
-891.384583952167,116.802390227345,915.584682463452
-894.264307811808,120.782371420609,912.817427741062
-895.734431822639,122.690783542791,911.438933586146
-898.695611181472,126.44425331255,908.704052294578
-902.9955306996,131.741671298353,904.560762828843
-904.446030403239,133.437536189831,903.135965896942
-907.374122407504,136.766169055289,900.453880978035
-910.237978295409,139.878010290381,897.684720672001
-913.146688398356,142.870034581265,894.95538987372
-917.497113260674,147.036931418363,890.807976334337
-918.959313586638,148.351236972186,889.405130024666
-921.824929589651,150.833114051088,886.667904402688
-924.692297410923,153.162338493853,883.898180240731
-927.601889238836,155.32298250992,881.148195104065
-930.46340779371,157.333409045568,878.407723512227
-933.368468325948,159.148453143644,875.69549782972
-936.192225955434,160.77872547463,872.961098611669
-939.007672477611,162.296560951804,870.239089372831
-941.855442693787,163.544867263478,867.588618851673
-944.643503636059,164.661709844654,864.954108920991
-947.42792370584,165.617789164139,862.279061574398
-950.178240200289,166.391745391458,859.745729189269
-952.938431781816,166.995292673021,857.159557562309
-955.626568202263,167.720382238153,854.574378365898
-958.374497614196,167.973667398187,852.049976699247
-961.031245016069,168.308278986192,849.482898214345
-963.785224613383,168.216396994349,846.990157019751
-966.46095988832,168.035388236512,844.49136162336
-967.756844881052,167.842823496678,843.286506824675
-971.791109582193,167.149457326316,839.653346843527
-973.126677725313,166.838171448319,838.448048488072
-977.041454783815,165.636999876259,834.905410906313
-979.689054249187,164.675986338729,832.612497848605
-982.238580821803,163.542653305454,830.357414940359
-983.552440647584,162.921449511479,829.222933436319
-986.071507491841,161.611680766472,827.040714106144
-988.607506447255,160.114669186916,824.870288203676
-991.094652113576,158.535940693038,822.778874471467
-993.626228924515,156.792445598008,820.751550918088
-996.06321778027,154.920725320678,818.773365590228
-998.525835761713,153.341747497552,816.82411273361
-1000.95430225366,151.225123549897,814.978747325065
-1003.33797158876,149.001131092635,813.179594479771
-1005.73145314754,146.710440156336,811.402825870658
-1008.13141694747,144.282149890345,809.701874945201
-1009.28678807812,143.076962033599,808.855404980046
-1011.7097326472,140.479295154185,807.196227691006
-1014.09265449922,137.874114608513,805.562306997776
-1016.46743980097,135.136597382274,804.079242016009
-1018.77351551989,132.337735436887,802.53512013256
-1021.05634959257,129.484115342046,801.125333749281
-1023.36495964003,126.540162942403,799.680837758544
-1025.69960958556,123.583503697087,798.287244610041
-1027.92698960002,120.516056386945,796.988297379041
-1030.21628308661,117.441328646064,795.69923606403
-1032.54023947601,114.33145712002,794.512085778282
-1034.78310749951,111.130898172988,793.322002181501
-1036.9499424267,107.944559668377,792.158838443333
-1037.99636830391,106.365498548795,791.585342777167
-1041.00662991689,101.111879500401,789.969859329029
-1042.07333531519,99.5272670969682,789.431396964327
-1044.12792764975,96.151218291158,788.541996642282
-1047.1555946351,91.0760591261726,787.265404028939
-1048.09587384746,89.3845095004667,786.875173101816
-1050.06189118732,85.9166407001866,786.113056714693
-1051.83198511478,82.4556623398106,785.513654477168
-1052.96116826623,78.7937180043155,784.981030095786
-1054.63904534303,75.1919230264881,784.515099458022
-1056.28870995542,71.7042073776943,784.138059906165
-1057.73766496404,68.0892884346913,783.779868318833
-1059.27558182018,64.5189682579039,783.461793259571
-1060.71448682937,60.9125741401303,783.227101505738
-1062.05554835336,57.3968297715319,783.051836022339
-1063.21979702851,53.7688129322373,783.02528960131
-1064.3493215897,50.216087028834,782.945132203365
-1065.32077725125,46.6154625529674,783.009624354797
-1066.28184743806,43.0238966018718,783.12202848016
-1066.64770230687,41.210157707939,783.214789670591
-1067.45890504276,37.6790499236296,783.443641244714
-1068.08767488552,34.1513435751182,783.789448867407
-1068.55122091118,30.7045562482379,784.251903414439
-1068.93092757191,27.2628154968635,784.755076145539
-1069.230433251,23.7980679441677,785.307457760514
-1069.42964069016,20.4325027687073,785.974178586423
-1069.47073150976,17.1273982020164,786.665299794918
-1069.4535052226,13.8942380441274,787.388452423914
-1069.28377322425,10.7445903871268,788.192582952664
-1069.03740327228,7.62947533257998,788.9544782443
-1068.66531380462,4.63604637511739,789.863994204544
-1068.294327055,1.71532083637389,790.704034644548
-1067.82654619431,-1.24591518398779,791.621761974215
-1067.22855842314,-4.17165977840246,792.43199668424
-1066.55731784493,-6.86812500865835,793.377255770908
-1065.80154756282,-9.5126066398632,794.296307308562
-1064.91912822276,-12.0376845994759,795.202481650047
-1063.94722134746,-14.4952437561171,796.2116337031
-1062.83671405417,-16.8504572342088,797.173686583858
-1061.67027624986,-19.0964262508433,798.197044973658
-1060.40524709242,-21.2440343320747,799.193534510872
-1059.02400598296,-23.3452338009287,800.282905642672
-1058.38148953632,-24.2761701923668,800.71876753255
-1056.88351624055,-26.2513106677281,801.730270210456
-1054.36037891268,-28.9285122743339,803.288896296514
-1053.59431217449,-29.7448679265847,803.767499470421
-1051.79264750603,-31.3042643757389,804.839797621772
-1049.88542456036,-32.8329112984799,805.808971709842
-1027.97450097556,-41.9679817266884,814.864355532085
-1025.26220325221,-42.4255371291852,815.784904537175
-1022.40870662542,-42.7040258286728,816.695905869573
-1019.53917285172,-42.8508768366362,817.580203705819
-1016.82185221781,-43.1034525433847,818.407049333498
-1007.87243979901,-43.0996894673758,821.020338968774
-998.6982904187,-42.2623510071937,823.500514433399
-995.462837145148,-41.891188793809,824.36709180963
-992.33228290911,-41.3404150165345,825.182383593442
-989.130928378271,-40.7500425267321,825.999760440863
-986.591627419417,-39.9225257234841,826.684980814549
-983.357674032854,-39.1979764600369,827.45673890282
-980.101108285071,-38.4528240709555,828.261410982917
-976.892513300749,-37.636719087841,829.037532652173
-973.664880188653,-36.7251876865131,829.82184646161
-970.443424831916,-35.8539260260579,830.621178289046
-967.15398061073,-34.8448258063817,831.41058477896
-964.24699111442,-33.6624809162352,832.197100041582
-960.995644593457,-32.6900312120711,832.939249926606
-959.370836317396,-32.1334961898816,833.357513080456
-954.558429627481,-30.4850336076952,834.471021111064
-951.483550133204,-29.8019411565765,835.284372164259
-948.297017700315,-28.6263305060839,836.007118438258
-945.147641892206,-27.4834081927169,836.655160939112
-943.595364072902,-26.8766656206403,837.056702005575
-940.519266655686,-25.6431271937617,837.737087497655
-937.408915870671,-24.4241587380439,838.490007165039
-934.40644085846,-23.2175242513701,839.183589781381
-931.338777650731,-21.9536822888334,839.917726849476
-928.326335135279,-20.7098970651873,840.590930441002
-925.351455878078,-19.460979149971,841.365579120267
-922.472808856439,-18.1810356703429,842.104821896689
-919.561484558966,-16.9372421927917,842.87667142147
-916.757131970343,-15.6394747175562,843.591954232527
-913.953216697014,-14.3724317085108,844.312108108159
-911.288358104841,-13.431945916843,845.21808970936
-908.672754572657,-12.1127408823932,845.919218572816
-906.072729237032,-10.8951070590471,846.684414721463
-903.618519603089,-9.62881596201817,847.443406052232
-901.135406658058,-8.34947594834705,848.218760450399
-899.983562262732,-7.73181796451323,848.577092443083
-897.731116157404,-6.79236669240566,849.494365505922
-895.5075475935,-5.56883780720544,850.237880666079
-893.343428640775,-4.31173362111867,851.034495990889
-890.280802554647,-2.50042265892478,852.202612302828
-888.406668565802,-1.26930973268607,852.949503523348
-887.513396842035,-0.698175585148558,853.335699551329
-885.659758262079,0.480521083083585,854.113222147086
-884.021120037084,1.69578507737304,854.887624100765
-882.485110198059,2.85355185048066,855.643561523808
-881.021151438174,4.02670751947424,856.379018987825
-879.692914634492,5.21921409563702,857.11229055048
-878.413809229406,6.35610223017901,857.833761769525
-877.326826753049,7.53987768759899,858.514134966937
-876.29522207421,8.62393465609637,859.186709015787
-875.467705660599,9.78513976902355,859.857781304934
-874.676145810586,10.9171145268424,860.513975577087
-874.322017646457,11.4777490620836,860.832063820787
-873.730409893771,12.6350863565896,861.422831963942
-873.249625374896,13.7514724830408,862.046260399026
-872.866874210868,14.9093979801172,862.605846692779
-872.636481240453,16.0449196455597,863.18898932591
-872.484676672448,17.1777610377673,863.744174480703
-872.456489625013,18.2901284930306,864.234210084124
-872.54384787045,19.4378546705305,864.786072149418
-872.705587075221,20.5428900209989,865.292841902969
-873.079404852033,21.6869510488196,865.813802823525
-873.456579683553,22.8168322368511,866.282502163172
-873.990709616102,23.9283421961004,866.766681233408
-874.608193235313,25.0938334781696,867.18198920524
-875.329870878157,26.2446268012948,867.673546784053
-876.19732769288,27.3915902710741,868.058450030534
-877.106817724034,28.5769066654133,868.472730150259
-878.1567876229,29.7232431795512,868.914559982339
-879.260843059879,30.8813748168202,869.28539373256
-880.460066975073,32.0244922558125,869.675320343123
-881.771718961679,33.1876227056647,870.073378231869
-883.106009154214,34.3542947580855,870.49367962661
-884.605133329511,35.5145886160091,870.832027125802
-886.058098173608,36.6801253183885,871.174152710887
-887.67500508184,37.8321463788255,871.49599835005
-889.374556910977,38.9665880637769,871.792152914886
-891.115908946506,40.1572821298464,872.144634229046
-892.942579447194,41.2944457736325,872.435533650649
-893.81236429964,41.86276085592,872.602057805963
-895.712205418825,42.9696357941091,872.858480255912
-897.666201101544,44.0889420389206,873.144129348438
-899.682505772098,45.1929014204291,873.378807373197
-901.681785368893,46.2788608363244,873.626654105339
-903.746215700839,47.3559751137614,873.848917544106
-905.875167292317,48.42283738243,874.034755279624
-908.075215401149,49.4796274372558,874.246905743425
-910.23459861555,50.5206812431475,874.426061706197
-912.484721832987,51.5403438865697,874.545923765984
-914.781338268221,52.4997679881789,874.634297458569
-917.065581044423,53.5032311375873,874.74213797416
-919.359205438254,54.4394339640393,874.797083259592
-921.74503072723,55.358315165975,874.804091511821
-922.891284506668,55.7997089967187,874.810925211598
-925.242907128275,56.7439688162652,874.789945656312
-927.641267716746,57.5959936573587,874.730792817253
-930.02615138029,58.4199620351338,874.666076333708
-932.384814702187,59.2170842059758,874.558521209521
-934.809780143005,60.0054095828358,874.450594080784
-937.195893539866,60.7244607211491,874.336006261473
-939.624880322277,61.3966595547798,874.20085678161
-941.949090326872,62.3529680924297,873.976015079983
-944.353520550897,62.9706814937224,873.768122175758
-946.729640276657,63.5164763446632,873.66500602911
-949.0952946379,64.0055797906757,873.454826106706
-951.494813545292,64.470133900583,873.308114290237
-956.156215668105,65.4922505896856,872.861245794645
-958.508525370382,65.792666023892,872.74930071348
-959.62646569791,65.9306259646915,872.662078216935
-963.05972555071,66.1928200406984,872.494855255743
-965.262068818423,66.3603341582117,872.439353889705
-966.37211378311,66.3740178143124,872.39820387111
-969.674238705667,66.4095890860821,872.376837318177
-971.690655681333,66.4129724977781,872.396159453065
-973.76152375448,66.240251873862,872.423315001481
-974.760551574306,66.143485226916,872.497314390557
-976.773141966446,65.9646748521963,872.594367322554
-978.676934437171,65.6313988793999,872.760248811319
-980.574949044499,65.2650021429959,872.928693088259
-982.35045468947,64.9114420073806,873.103777032647
-984.187957499053,64.4360002914703,873.303661359215
-985.900144001081,63.8253685664436,873.594237908191
-987.638865864251,63.2305401241356,873.885327890677
-989.155779690322,62.5755398490517,874.135914840748
-990.7720173704,61.8019188020488,874.402868047749
-992.295204274489,61.0133239342663,874.764408941486
-993.775680594485,60.1398859761992,875.129275062694
-995.103788977571,59.2343789071193,875.485617090846
-996.454224797737,58.2364297096103,875.892093895697
-997.691751170491,57.2245864050082,876.369222312435
-998.895766941803,56.1138919118269,876.857499830861
-1000.52224452427,54.4068020373737,877.607059456037
-1001.07761515491,53.7887439399266,877.870541981108
-1002.07741298736,52.5640063484676,878.428170015933
-1003.00585459845,51.2605223234249,879.0253548487
-1003.93305467793,49.9864102777016,879.592713496108
-1004.71086960955,48.6295760283959,880.212818442089
-1005.11172190698,47.9115305780398,880.501629331313
-1006.19020430986,45.8541974945465,881.416364266917
-1006.57947400008,45.1392145808037,881.677952464387
-1007.18498900268,43.7000374715075,882.314448839666
-1007.77391800353,42.2454989983313,882.869913830104
-1008.27524069169,40.7667962164319,883.504244517718
-1008.73308028967,39.2254782131879,884.119065846122
-1009.14649026149,37.7763057996402,884.674847354536
-1009.50103633215,36.2717483495727,885.236029262612
-1009.78769563122,34.7476315577347,885.804239320087
-1010.13304826016,33.2267475564503,886.384378380669
-1010.3705872439,30.9796048967932,887.156363448392
-1010.43440895643,29.8475273556041,887.542126239279
-1010.51387601473,29.0882851557528,887.749424923755
-1010.53252043187,26.8666100343932,888.433027578689
-1010.56079268018,25.413594723233,888.888257151138
-1010.51403665173,24.6864872101643,889.094833130021
-1010.29528332235,22.5999403994386,889.64044870847
-1010.20925464562,21.1493908155049,889.953666121836
-1010.11339454984,20.448871019257,890.111588379207
-1009.83198478012,19.1516301125249,890.343980365961
-1009.60371101221,17.8123363613554,890.547821227969
-1009.11051036429,15.8494910402827,890.829646180488
-1008.91234293732,15.2563893245927,890.874467118721
-1008.53981987059,13.9784498200514,890.966376950848
-1008.06641772972,12.7482688614096,891.045998373253
-1007.7074770028,11.5910867410181,891.097847437112
-1007.11390122882,10.4540334303088,891.078683155158
-1006.69328432381,9.37519374938861,891.046434057357
-1006.03164947407,8.32446327268572,890.996875240163
-1005.76595376886,7.82483271361179,890.952111607811
-1005.09375037319,6.83988888110536,890.831939088035
-1004.49211960185,5.87968900572666,890.66434473556
-1004.15752307071,5.41278144876164,890.563670161452
-1003.57099462287,4.16082857165347,890.452807571909
-1003.25487921821,3.73673145494248,890.335720585302
-1002.51703510403,2.91391284304934,890.113737848823
-1001.81877159866,2.14165582896214,889.902114822413
-1001.42054933891,1.79061752255355,889.78887303146
-1000.73459087111,1.14643759346551,889.505417901516
-1000.37937901946,0.809590102037182,889.386841216814
-999.571908191944,0.281120334575527,889.10936712299
-999.251842795685,-0.0238396390102143,888.950889445189
-998.409924075239,-0.513767341266062,888.737679558151
-997.668392181793,-0.959690895951157,888.465687285039
-997.264004632236,-1.19526678267739,888.356994928717
-996.815498028771,-1.35680144247954,888.24891549883
-996.06129257096,-1.66313953896456,887.991044839834
-995.164342181327,-1.9126798871708,887.771643803288
-994.461510843327,-2.10870955500797,887.537705110802
-994.001058275856,-2.16919708864904,887.40281259339
-993.180931279788,-2.2807528052134,887.149500538909
-992.766810821717,-2.30624484859316,887.046043892183
-991.897275237332,-2.36372128947998,886.814945952493
-991.496668225462,-2.3460990074339,886.713012872465
-990.591884244799,-2.22038087194814,886.476375466304
-990.234736750533,-2.16061896650723,886.358215604808
-989.362909996308,-2.00981547719515,886.126261867002
-988.94046254378,-1.87901858380313,886.014174994058
-988.17979654169,-1.63570442613923,885.718660363004
-987.728009324193,-1.52326036331605,885.564119572589
-986.978755685668,-1.17997286572054,885.276900275997
-986.527066061843,-0.954301982417774,885.136159532656
-985.680186571299,-0.52918194486595,884.841329556863
-984.904628329286,-0.0840996243747779,884.529941138114
-984.504204966824,0.179953115953707,884.371198265437
-983.782484611995,0.744116889589105,884.059986374658
-982.969830093139,1.33764592874163,883.742716031504
-982.267042574881,1.99911931374979,883.402271995455
-981.46262299304,2.71630265398621,883.129194237305
-980.775116910747,3.40470494950961,882.782085677592
-980.018207645756,4.15006526934601,882.551139531476
-979.32072475714,4.95458355909371,882.263178723995
-978.641562750069,5.75768801729894,881.979708218034
-978.288679405765,6.20615853095651,881.823128158641
-977.598324560694,7.07584713110602,881.611810723785
-977.013199822322,7.95322164816575,881.263662318705
-976.366297236118,8.8908771300507,881.084175825065
-975.820718594679,9.80551163350832,880.805853551974
-975.212048854592,10.7584675792593,880.543396097022
-974.70011109661,11.7456089453767,880.270966682127
-974.164483167899,12.6925007054662,879.955191565304
-973.681073357312,13.656704166616,879.700651680609
-973.149817265705,14.7177379652339,879.477484017881
-972.749192365849,15.6697920803985,879.236312521122
-972.274811880753,16.661910036886,878.994055385275
-971.857792581678,17.701409376452,878.796434941634
-971.389440971761,18.7026955434273,878.55671932246
-971.007287371848,19.6722013546678,878.37216929372
-970.592003907469,20.613145194333,878.200509465312
-970.18573807878,21.5434454184977,878.009714537711
-969.799933525104,22.5116605221946,877.810032556997
-969.580823692588,22.9805786735136,877.714542097443
-968.965490429806,24.2485413692427,877.45897829035
-968.532038578119,25.1386691478044,877.283558844225
-968.295895601269,25.5533569822406,877.18797890931
-967.916046511002,26.3572379823059,876.979341939923
-967.503442239745,27.1324538427764,876.746722139832
-967.097699847688,27.8433104494803,876.487677188116
-966.613493343587,28.5867942743754,876.237851469614
-966.188483415772,29.3072560879175,876.019346783056
-965.717413068465,29.9274526215412,875.710862009159
-965.231747793182,30.528812112747,875.412096283948
-964.737884423636,31.0679686023233,875.118220204824
-964.16190257927,31.6210218219813,874.819864829888
-963.600077705235,32.0647378234707,874.513227723495
-962.990171461497,32.4880659595426,874.203042939738
-962.368400202998,32.8867317885159,873.87080324954
-962.04764584268,33.0302025362746,873.687101429961
-961.117590102861,33.4949535770619,873.09933439474
-960.420181465889,33.7253316643832,872.693379758259
-959.672483580437,33.9319791285633,872.225556619803
-959.33020582377,34.028923999935,871.993560897834
-958.654926344995,34.1601683863119,871.535607453917
-957.883683816059,34.2395833216306,871.03536351033
-957.132921862192,34.272504473731,870.477258438007
-956.34737422752,34.2647772915973,869.857212501276
-955.577468061556,34.2502905901453,869.236966283214
-954.761174204136,34.1089515242658,868.57510339703
-954.039465331681,34.017214261025,867.904829158299
-953.178518383083,33.8374945540745,867.168301769854
-952.356457801482,33.6184938755567,866.445467095283
-951.533981529261,33.3457863769757,865.713101022826
-950.732290964014,33.0129333652926,864.970350827608
-950.350751241817,32.8261444121174,864.546125405985
-949.075017092487,32.2232503446532,863.369982536487
-948.702065015999,31.9963071398133,862.957808284153
-947.856182567861,31.5158420297744,862.171635179267
-947.037952324687,31.0055692352103,861.331948442164
-946.216109960915,30.3766360556972,860.54712548636
-945.431523097309,29.770006419629,859.74983534941
-944.591355322536,29.0782221300297,858.927429974497
-943.769936018467,28.3595947910871,858.07678811175
-942.930257553774,27.6047469632368,857.23767374918
-942.174199992095,26.808765247759,856.359380935703
-941.328360475523,25.9478646934069,855.447069213759
-940.681077922886,25.0661699434531,854.489129277463
-939.910757365986,24.1772591632879,853.5975726203
-939.589028307016,23.6917047191751,853.093372751228
-938.567666396425,22.297717044544,851.553405552986
-937.971439195196,21.2543499080269,850.468604169022
-937.305216735794,20.299596116284,849.38249736855
-936.993390710045,19.7835643164201,848.807724646056
-936.413700010591,18.6970787096601,847.732521164671
-935.82137033399,17.6827579270224,846.56572632115
-935.219176401127,16.6147257487926,845.406301609896
-934.742793209379,15.5394212855367,844.229737703001
-934.144816614937,14.4890380003998,843.060380692377
-933.673214626648,13.3745904181476,841.842173246712
-933.23526553034,12.3094878287827,840.633351858128
-932.754500682082,11.192255010888,839.326212558919
-932.35069628671,10.1793886664911,838.11128958112
-931.962210788541,9.05223105688547,836.785835852898
-931.633180753726,7.97548881693385,835.454467987814
-931.314716354764,6.97480560579267,834.128859470388
-930.94944466626,5.88638648868757,832.761754760165
-930.862942588607,5.33478199271666,832.031674879828
-930.603524133893,4.37247455159249,830.630868632525
-930.350868846957,3.34411275520313,829.173764106372
-929.996698815045,1.89369226909425,826.931351506239
-929.899180017278,0.94983884513956,825.373400122802
-929.840536204936,0.462939424840198,824.603515905247
-929.60694211137,-0.928822909602321,822.151679733355
-929.606923652647,-1.36418491544734,821.392707600532
-929.492682271797,-2.28621500977026,819.686201253706
-929.407058279002,-3.12330245104836,817.971204906168
-929.421776582036,-3.96178871150685,816.197006211843
-929.299092939517,-4.83029162827646,814.346283929233
-929.334949154662,-5.97110995791452,811.499676241626
-929.286820764458,-6.69853035861766,809.61695427325
-929.285760649613,-7.4021305234828,807.571297914301
-929.360325866925,-7.74356193211759,806.615444805067
-929.485421605264,-8.38342029813073,804.484557787469
-929.512442681935,-9.05756779666322,802.381056294564
-929.59325823062,-9.50438485162828,799.003632109223
-929.710294258751,-10.0005288661595,796.757455462869
-929.880383589539,-10.2484884472817,795.582893914629
-930.015439199137,-10.7679909422357,793.31384143345
-930.175852214024,-11.1570819628885,790.938168855364
-930.279688264661,-11.5833645773982,788.549527869394
-930.17315513616,-12.0446435841154,786.093011517647
-930.324400127051,-12.3486031695128,783.598362616165
-930.568904958347,-12.5877284442876,781.07848652383
-930.786902879576,-12.7581976793353,778.438361794641
-931.063914599013,-12.9476233501962,775.782821629307
-931.355579757874,-13.0149649775041,773.046113086193
-931.600793141932,-13.1007611011606,770.273986924929
-931.890080323684,-13.0828059460795,767.449003327557
-932.163646447552,-13.0720273515349,764.5648076827
-931.708197072726,-13.164360601533,763.246315681322
-931.952504721832,-13.0105750268941,760.277648267319
-932.356924425076,-12.7213487871112,755.684523555574
-932.653487259571,-12.503033780174,752.586106170426
-932.752643045752,-12.4047812254429,751.030555689032
-933.116793886154,-12.1281530585069,747.763416896574
-933.395379127766,-11.8694386678627,744.514162278695
-933.684258538826,-11.5421476005188,741.224928880083
-934.022996586025,-11.2257671848413,737.889934006649
-934.368262743189,-10.8276010871818,734.48490385772
-934.582731269112,-10.4634496405681,731.096919478748
-934.955625032716,-9.98814357349073,727.670885843974
-935.391064139329,-9.54527776195861,724.131626993469
-935.582889551741,-9.12522032765678,720.660451176505
-936.009244905542,-8.55661841105623,717.091517850938
-936.326844413393,-8.09743072147315,713.530466261802
-936.639687254726,-7.56545043747635,709.93900573936
-937.018419699352,-7.03774629420292,706.262246397718
-937.430961484907,-6.5378537776298,702.609653100808
-937.682195328902,-6.06487476216269,698.862533990411
-938.050353010346,-5.44761208738171,695.089208931722
-938.213492777501,-5.22582993712929,693.206524044317
-938.813911007818,-4.36112563686325,687.447651894278
-939.063569987392,-3.82208102781557,683.583682491555
-939.400341340292,-3.55201505430048,681.602266622345
-939.918535491015,-2.70289774542077,675.674059678952
-940.184289920812,-2.16447196756871,671.730296343723
-940.435222266312,-1.86066654720831,669.700749691023
-941.022831385468,-1.07938517567399,663.619195927186
-940.794794621743,-0.78579534516637,659.450364911746
-940.920629338755,-0.531552516777442,657.324705883727
-941.607340857492,0.315793891494236,651.029346814595
-941.957015531344,0.893800920650239,646.732053226958
-942.533256991485,1.44503808327816,642.364214805887
-942.70094329518,1.72927432903913,640.110848827745
-943.075350085663,2.26589486468272,635.71618265215
-943.637642055009,2.85100932831294,631.111005194663
-944.110113740942,3.41701267964632,626.555134377421
-944.499243552932,3.97461862477342,621.906469165093
-945.106955451356,4.5380418512509,617.200814927704
-945.597170726036,5.08159969533679,612.33463097089
-946.086010295154,5.69810943132566,607.488218586279
-946.685376804399,6.26902366357787,602.476418215774
-947.22216997877,6.87565763310806,597.373766511654
-947.801582878977,7.4787275559396,592.161083227391
-948.470941758893,8.10253716671295,586.916329697766
-949.084712484267,8.75875335065358,581.612298375825
-949.826416358651,9.2909622370438,576.036814155732
-950.463973897851,9.9464243259613,570.433143536882
-951.195489991298,10.5959060884857,564.821783593916
-951.635178052135,10.8857620284978,561.913952706982
-952.394269976106,11.5300478730805,556.151689390512
-953.161041483057,12.1959297960211,550.312813165838
-954.017610707935,12.8094825882007,544.28897810634
-954.861168437925,13.466969589602,538.186492749184
-955.765427096267,14.1133893856364,532.021870729595
-956.678552782598,14.7565594777816,525.744463456203
-957.512959310223,15.3971547624647,519.406480593212
-958.523660706318,16.0369007686621,512.917269354587
-959.507276735616,16.6506397340679,506.285124533407
-960.57482179568,17.2870815223153,499.511542564317
-961.576380874167,17.8462973238578,492.685121301383
-962.740594543909,18.426385029979,485.641753401923
-963.286962358024,18.7476203688826,482.148838833386
-965.065794491553,19.641392873805,471.393028707136
-966.207591954621,20.2588772123678,464.1461928387
-967.382480387678,20.8337846104854,456.804363760717
-968.037817309831,21.0939287627738,453.056266577631
-969.373903519509,21.6581319927653,445.553570816728
-970.628438367451,22.3066470640078,438.05615843527
-972.553155721997,23.1505527019531,426.617827447077
-973.267470391479,23.4325085540795,422.802584553779
-974.581117640892,23.9556873096303,415.053944957123
-975.965516445231,24.5243235811878,407.424985019283
-977.232375867906,25.0846860010309,399.726183848964
-978.777872369339,25.6281597530087,391.935517939743
-980.185311857137,26.0843019564598,384.199720786057
-981.735506602941,26.624568819843,376.477210351581
-983.20425875757,27.1404627711609,368.762034233336
-984.672689399734,27.7031945592159,361.13393956907
-986.32380646761,28.2792018821606,353.369676803357
-987.850112506957,28.7414000569524,345.773053420948
-989.579945002582,29.2193960607988,338.111572041901
-991.241101806984,29.7510044684488,330.543900567276
-992.973606127249,30.2476601288421,323.048270676478
-994.598674022468,30.8172669659398,315.638161416975
-995.518723451749,31.0667601773379,311.923540219993
-997.319585732527,31.6132184911987,304.557618748273
-1000.08230329289,32.3891288482083,293.625100158393
-1000.82995397333,32.6520501082112,290.086784391133
-1002.83338741163,33.2063676993657,282.905588878153
-1005.56540433031,34.0891624052163,272.350108276347
-1007.58847060127,34.705152675557,265.286808757824
-1009.54674180615,35.353869967551,258.468112802299
-1010.58314209135,35.6513067805285,254.956760147158
-1012.61025690259,36.2818671275618,248.07998614487
-1015.75175580396,37.2136726298366,237.8558333225
-1016.76105658092,37.6066827867793,234.578008234171
-1019.88365761252,38.6794034200881,224.596645251415
-1020.88558897589,39.0434847959733,221.235426956836
-1023.06810577634,39.7761582081501,214.637627683436
-1025.19184230778,40.6179402582903,208.171590913746
-1027.31619107601,41.3718626264918,201.611411935717
-1029.42115886247,42.2551227830831,195.236816904476
-1031.64911118586,43.1857772811706,188.844480948718
-1033.70614049572,44.0826874739027,182.535651095997
-1035.75991054509,44.9997993354532,176.278771935206
-1037.93240726632,46.0451435554167,169.992234331183
-1038.96760524165,46.6059390464095,166.955040217929
-1041.98792353104,48.1945120839138,157.898600685597
-1044.16646065642,49.3150929234305,151.756683170167
-1045.2043948801,49.8418197145546,148.841769657663
-1047.26575446967,50.9908157261163,142.934912301085
-1049.25333766066,52.2058605128072,137.126649874952
-1051.24077055941,53.3979527656153,131.38980499618
-1053.13954688438,54.5931287877873,125.720831326466
-1055.06891804762,55.8840140038838,120.177441522783
-1056.9900640236,57.2428769103264,114.714827492997
-1058.87992167075,58.4807238711359,109.308784088413
-1060.6506033439,59.7661744156577,104.061498649996
-1062.46832430615,61.0966223436825,98.9679405135767
-1064.19709032932,62.3831125625317,93.9744269112708
-1065.98843693508,63.55748485866,89.0673543123209
-1067.72987328516,64.8122727450773,84.193738427567
-1069.37787354189,66.1035667374127,79.4267800086462
-1070.22740632196,66.784561202218,77.0806896245848
-1071.82876135656,68.0569172429804,72.4516198900625
-1074.22702600575,69.8623574361932,65.8226937375775
-1075.07216146398,70.4323746854023,63.6753779975374
-1076.67902406817,71.5857249961472,59.3825005539228
-1078.13018675696,72.7306566486078,55.2777490704164
-1079.38013475439,73.861922176574,51.4645997015962
-1080.66633907189,74.9514136054649,47.7296766590543
-1081.8783889453,75.9058735817397,44.0856271061365
-1082.95556205653,76.8069018828455,40.7368550549729
-1084.11505492436,77.6879314074989,37.3266566700156
-1085.10403374166,78.5476374509911,34.0692702056283
-1086.00918687152,79.3379324035284,31.0002312881326
-1086.77238079027,80.0208161758357,27.8775877674895
-1087.81761038873,81.0393472243274,24.6722642852551
-1088.93497266617,81.6578683082022,23.5614113017897
-1091.14461236886,82.3657891419997,20.1774966928177
-1091.51968263606,82.3403264824486,21.1086277894163
-1092.78867103289,82.494051730508,21.312581946461
-1092.25148131899,82.8935436975511,22.3810175222022
-1093.79449843147,83.0819133872281,23.2314250460411
-1093.69557790342,83.0878308582398,23.8087324995069
-1094.37795452506,83.0940846154254,24.5184983733706
-1094.8551167878,83.0199846506468,25.2129295009323
-1095.40959661347,82.9483446562712,26.3175539348786
-1095.71253682811,82.8422050484307,26.8323000440725
-1096.45170207859,82.6666102228635,27.9107563044175
-1096.66848587616,82.7998097422301,27.9070141531132
-1097.21363980094,82.5252936956301,28.8524620324347
-1097.14371008483,82.2107645863672,29.2672887245792
-1097.26972343649,81.8059230560827,29.7320142655342
-1097.01647364884,81.411561185318,30.0312039659118
-1096.98296905793,81.017911534796,29.9678421050645
-1096.96324915609,80.6139223180146,30.301940918309
-1096.96553945497,80.4354183187949,30.0940496787073
-1096.81917733981,79.5036445058277,29.7686914872689
-1096.62151884968,79.0766776298005,28.5839109562237
-1096.50877260731,78.9728608382885,28.5376076041556
-1096.34193015799,78.4634075563336,27.3710835274715
-1096.49484947054,78.1228439854188,27.104529632289
-1096.46567940882,77.5645574420039,25.7926414089544
-1096.13564808954,76.8597611678144,25.0345030086999
-1095.67279505791,76.190170809688,23.7706133455106
-1095.02820598293,75.3740197735617,22.6752462822746
-1094.70976696145,74.4823645617975,21.314728235214
-1094.81525818238,73.7853670860945,20.0366047534883
-1094.05362827799,73.5071931320949,20.1337650372525
-1093.3416305093,73.1805329167342,19.9986865653796
-1093.01858692768,72.5501612397536,20.3968555752927
-1092.58201739739,72.3024343522014,20.3446503705389
-1091.43344217376,71.481908091027,20.7220182294251
-1090.92243327476,70.9719839290984,20.9930542877911
-1090.23847444015,70.5179959110549,20.8057702785946
-1089.83991428465,70.3060509788731,20.9316790212868
-1089.33749713356,69.8296167565207,20.8485481677644
-1088.79435270216,69.3404110273103,20.6080417253721
-1088.32432518566,68.8358808740204,20.1777146905488
-1087.54137959332,68.6256272091844,19.8626810547408
-1086.69678345657,67.8736877628138,19.761681876886
-1086.14862428111,67.2866607163885,19.8623460639249
-1085.10995906166,66.4937626423156,20.2816376992688
-1084.81253720397,66.2046047649984,20.3070570363424
-1084.09923963392,65.6611149431979,20.4822023291843
-1083.533956333,65.1548035954306,20.4511255698259
-1082.83424388641,64.6607819126103,20.5541882584457
-1082.25829357774,64.1423596416842,20.4791320908926
-1081.71957606629,63.5430774408737,20.339608359236
-1081.25068311161,63.0389156182556,20.2321873413347
-1080.64866574544,62.5427107161323,19.8907487215783
-1080.23089581856,62.0412977390918,19.738052664765
-1079.69359426402,61.5200430203495,19.5334888584689
-1079.11498481137,61.0191067951006,19.9887955515639
-1078.60806376568,60.520966090663,19.960432623644
-1078.15444991142,60.0749375006381,20.0516802482414
-1077.71284268135,59.5733908281656,19.9624899006731
-1077.31190122312,59.0651991969562,19.820236576682
-1076.92363842914,58.5825220335185,19.7499815821848
-1076.62335392014,58.1557284841755,19.5882088932148
-1076.12518376389,57.580024068326,19.8332362183983
-1075.91005351547,57.348504695263,19.8812165155677
-1075.42697458835,56.7262153409728,20.0038214030691
-1075.17944945931,56.5078722156145,19.905614363938
-1075.03387166571,56.0746567835859,19.8207080256301
-1074.58115552675,55.7224091986704,19.6439297190097
-1074.27406456245,55.2021494227828,19.5231575820121
-1074.0614727837,54.9963930910363,19.5542223698292
-1073.8300702536,54.7140166645194,19.776019115737
-1073.42933395695,54.3350501043675,19.8074621830885
-1073.36308553037,53.938666613978,19.7256600804921
-1073.09999305949,53.5495963682021,19.6248763234327
-1073.0851253462,53.1503209179215,19.6431374616155
-1072.91403095896,52.7171899469666,19.7036891669813
-1072.96170393665,52.432705368181,19.712682559723
-1072.92805448051,52.2386648024505,19.6781780150201
-1072.90526406872,51.8701313455207,19.4934532060116
-1072.84799168307,51.4888411911656,19.677632884409
-1072.83157300068,51.3391940048836,19.5895985044976
-1072.88985845369,51.033269521804,19.5033588597415
-1072.86154221232,50.6803719067287,19.5396562039935
-1072.76867716019,50.4785637182772,19.6446294630983
-1072.78788355874,50.1664295715928,19.5067667989102
-1072.76138490576,49.9420022207818,19.4520860945882
-1072.55505751788,49.5698017869629,19.5889936057669
-1072.49918112375,49.3871814495515,19.611515928285
-1072.49120857219,49.1613057689408,19.4771678280861
-1072.31100831407,48.7617515471825,19.5321692543473
-1072.25934834815,48.2972167638431,19.4855898854542
-1072.22316893496,48.0941109188483,19.4314446290465
-1072.10178772569,47.584309654253,19.5348200886454
-1072.09120103708,47.1782747379078,19.3672910066636
-1071.97440832031,47.0048955622422,19.387250234378
-1071.828051078,46.5204577968766,19.5186125205598
-1071.74497548151,46.2986763731689,19.4656341907583
-1071.59283261588,45.8980931587563,19.3634260753267
-1071.49688208851,45.704956805218,19.3979987229649
-1071.39232396809,45.4655194272403,19.4777363381559
-1071.26830466462,45.0558299945859,19.3833308269749
-1071.10423290349,44.6172796163702,19.4237638393027
-1070.90424424516,44.4123135792789,19.5892673781592
-1070.88003796465,43.9698601529395,19.4352997860892
-1070.70921592231,43.5488176237875,19.3464308625341
-1070.67924361282,43.4172533349169,19.4202420270651
-1070.67749398866,43.0129342483984,19.531864545555
-1070.59878135039,42.8365170026748,19.3625581116879
-1070.62297520421,42.4726432541671,19.3824660003862
-1070.6316589131,42.2847433747175,19.4593697728242
-1070.58122912534,41.9739767242063,19.4730623265126
-1070.61796573467,41.6714458215891,19.2487776397924
-1070.58794190674,41.5310011734694,19.2081008986929
-1070.55255694591,41.1600907542043,19.5212882028463
-1070.58798933593,40.956474029571,19.4082442710658
-1070.64113799337,40.6223353067029,19.2332083026122
-1070.65152415868,40.2930456285781,19.29271784374
-1070.59188923393,39.9960370943576,19.2508811540311
-1070.69197804284,39.6151619957547,19.2373336028095
-1070.70073059789,39.2331647366047,19.268479478537
-1070.77531772605,38.8892674061668,19.2941385207439
-1070.74784282769,38.5165716692344,19.367821016957
-1070.87824518391,38.0832533965344,19.2353832466652
-1070.9052649621,37.6381194658951,19.2805435211377
-1071.0922062052,37.200124357998,19.1792604477387
-1071.21817267326,36.8134063435155,19.219101897147
-1071.3636291359,36.504580308655,19.1490711250534
-1071.48823111956,36.3209995260273,19.1074640238993
-1071.62304685941,36.0947879279766,19.0400384587686
-1071.67935929651,35.9674146984509,19.0531431208255
-1071.73029963103,35.8589178510708,18.9832093382645
-1071.75516243093,35.8185638847018,18.9883561052125
-1071.8255371057,35.7648489827546,18.9593595094544
-1071.800019787,35.7718080103173,18.9861518949007
-1071.82354117507,35.7344531615912,19.0219794646394
-1071.83407101741,35.703167189428,19.0119579331083
-1071.83876195785,35.7016751030379,18.9754892915995
-1071.87168883045,35.6903757561728,19.0026074444535
-1071.86021560229,35.6502032590721,18.9953642553463
-1071.9007502491,35.6192343461171,19.0171056220843
-1071.90909530171,35.577768350909,19.0026539490954
-1071.92071109054,35.588851753391,18.9808260951729
-1071.92017910285,35.5930242856481,19.0288682568308
-1071.90623176515,35.5663264934657,18.9874334193265
-1071.9131531029,35.5783853973985,19.0129267357266
-1071.93243627412,35.5717745776443,19.0227211250209
-1071.92574541242,35.5570851020431,18.9959599388544
-1071.9196317929,35.5800368234858,18.9774952822993
-1071.91355830001,35.5539719321834,19.0210266727163
-1071.94705908922,35.5662838581306,18.9936721316003
-1071.91544555986,35.5692329589306,19.008618195017
-1071.92106653535,35.5508436849944,19.010738717385
-1071.91055989273,35.5771194398149,18.9563555263009
-1071.9340487415,35.5698404987373,18.9756439777362
-1071.9145180159,35.5777557699276,18.9665850854078
-1071.9129184391,35.5783144672787,19.0130358595419
-1071.92629761671,35.5589307886636,18.9967888823856
-1071.93218505211,35.5701737890522,19.0112639933026
-1071.94136827484,35.5897492951219,18.9754506902872
-1071.92388204387,35.5808311032733,18.9878879661756
-1071.91530369437,35.5520283500356,18.9739944149481
-1071.909793046,35.5882936801045,19.006929572859
-1071.93499885652,35.5408762203917,19.0091894471715
-1071.94242500754,35.5728061947513,18.9861632317871
-1071.95356178838,35.5559092946199,18.9985504801478
-1071.90281763435,35.5474297645728,18.9983662915174
-1071.94486113608,35.5496874526986,19.0052389806364
-1071.92743293352,35.5489636574384,19.0032203503031
-1071.93347750245,35.5464076079442,19.0302645871847
-1071.94997951191,35.5519682663861,19.0161494860608
-1071.98190482099,35.5618717660897,18.9879920716193
-1071.92171419801,35.5422955595703,18.9792826994803
-1071.94508760513,35.5284924339938,18.9962510800731
-1071.94555041874,35.562827042993,18.9922693298522
-1071.91204895448,35.5429672691049,19.005855815172
-1071.95838355288,35.5655178691486,18.9963404587479
-1071.93208862316,35.5484009769308,19.0018476776388
-1071.92429305913,35.5550329313792,18.995237091886
-1071.95873525087,35.5446792308792,18.9874327206424
-1071.90808510321,35.5498795451382,19.0093946123146
-1071.95358285197,35.5558863792336,18.9985627599444
-1071.91053369549,35.5395111582586,19.004453128273
-1071.92642528918,35.5727702265653,18.9839477371692
-1071.94718414841,35.5389629237102,19.0002174322648
-1071.9496250641,35.5552500900607,18.988333237205
-1071.9294115417,35.557313726364,19.0061474786677
-1071.92140615783,35.5643310262545,18.9998225682401
-1071.93926703175,35.5729154472949,18.9870612161651
-1071.95428445347,35.5473350729568,18.9493418211583
-1071.95102129027,35.5669197033577,19.0039017984642
-1071.95788770102,35.5419751609672,18.9753489946839
-1071.91053290944,35.5395113065571,19.0044532093233
-1071.92056957712,35.5561011165097,18.9855284616521
-1071.94835327956,35.554270333282,18.9880498658075
-1071.93842576423,35.572248555439,18.9865868917882
-1071.90977149327,35.5343072107138,19.012929952336
-1071.91600691335,35.5436036128653,19.0160852984216
-1071.95317745662,35.5561439964855,18.9989185081508
-1071.90166643304,35.5538287569325,19.0179899359442
-1071.95768085906,35.5403326979132,18.9747452204761
-1071.91755841934,35.5425441322242,18.980436879064
-1071.94130649615,35.5351281092618,18.9889407354074
-1071.94647719657,35.5417032982299,18.9831965496425
-1071.96408062553,35.5572559562546,18.9730906150276
-1071.936793966,35.5764801709191,19.0054091190618
-1071.92461252598,35.5361456629724,18.9872506152501
-1071.91804454648,35.5590333100359,19.0037946754887
-1071.9217330381,35.5660660983996,19.0005760516278
-1071.9659356631,35.5564095609318,19.001831962934
-1071.96047597883,35.558431431971,18.963582926373
-1071.93238237961,35.5488081825105,19.0018898518692
-1071.94689121111,35.5385556364024,19.0001753072542
-1071.92438623548,35.5573407492201,18.9962386299918
-1071.94915001466,35.5524232135499,18.9521267131221
-1071.93401564067,35.5644955009079,18.9899546083722
-1071.94566058917,35.5621625414148,18.9918721504463
-1071.91530003996,35.5689947349713,19.0086939947581
-1071.94486114466,35.5496874625454,19.0052389804231
-1071.94588118657,35.5648259828615,18.9929535004286
-1071.95189634939,35.541501580059,19.0114833436195
-1071.95779319405,35.5396678213808,18.9743476778898
-1071.95802758404,35.568799655812,18.9685242668881
-1071.95543314752,35.5560834996641,19.0277694558504
-1071.94835328135,35.5542703448268,18.9880498706183
-1071.92993380075,35.5591765951051,19.0068313710263
-1071.94554649227,35.5485051749687,18.9697132351914
-1071.93238153559,35.5488083038586,19.0018898984102
-1071.96827341833,35.5467059992714,18.9972879736594
-1071.9348422681,35.5454930937806,18.9945819401811
-1071.94590489043,35.5646386585276,18.9929912626116
-1071.92690828841,35.5447159249479,18.990257713336
-1071.96593606922,35.5564096082261,19.0018320352067
-1071.91368383182,35.5543280893589,19.0211067924078
-1071.94263895099,35.5388607245088,19.0011925034179
-1071.91368377501,35.5543280147108,19.0211068117162
